"id","title","created_at","pattern"
1,"java","0000-00-00 00:00:00","cicada-stripes"
2,"c#","0000-00-00 00:00:00","horizontal-stripes"
3,"php","0000-00-00 00:00:00","tablecloth"
4,"javascript","0000-00-00 00:00:00","waves"
5,"android","0000-00-00 00:00:00","microbial-mat"
6,"jquery","0000-00-00 00:00:00","microbial-mat"
7,"python","0000-00-00 00:00:00","cross"
8,"html","0000-00-00 00:00:00","steps"
9,"c++","0000-00-00 00:00:00","madras"
10,"ios","0000-00-00 00:00:00","seigaiha"
11,"mysql","0000-00-00 00:00:00","half-rombes"
12,"css","0000-00-00 00:00:00","brady-bunch"
13,"sql","0000-00-00 00:00:00","shippo"
14,"asp.net","0000-00-00 00:00:00","upholstery"
15,"objective-c","0000-00-00 00:00:00","cicada-stripes"
16,".net","0000-00-00 00:00:00","cicada-stripes"
17,"ruby-on-rails","0000-00-00 00:00:00","madras"
18,"iphone","0000-00-00 00:00:00","tablecloth"
19,"c","0000-00-00 00:00:00","zigzag"
20,"arrays","0000-00-00 00:00:00","blueprint"
21,"ruby","0000-00-00 00:00:00","seigaiha"
22,"sql-server","0000-00-00 00:00:00","brady-bunch"
23,"ajax","0000-00-00 00:00:00","half-rombes"
24,"regex","0000-00-00 00:00:00","microbial-mat"
25,"json","0000-00-00 00:00:00","argyle"
26,"xml","0000-00-00 00:00:00","shippo"
27,"asp.net-mvc","0000-00-00 00:00:00","waves"
28,"angularjs","0000-00-00 00:00:00","bricks"
29,"linux","0000-00-00 00:00:00","argyle"
30,"wpf","0000-00-00 00:00:00","cicada-stripes"
31,"r","0000-00-00 00:00:00","seigaiha"
32,"django","0000-00-00 00:00:00","half-rombes"
33,"database","0000-00-00 00:00:00","tartan"
34,"eclipse","0000-00-00 00:00:00","japanese-cube"
35,"vb.net","0000-00-00 00:00:00","bricks"
36,"xcode","0000-00-00 00:00:00","seigaiha"
37,"node.js","0000-00-00 00:00:00","tartan"
38,"windows","0000-00-00 00:00:00","tartan"
39,"string","0000-00-00 00:00:00","arrows"
40,"html5","0000-00-00 00:00:00","horizontal-stripes"
41,"wordpress","0000-00-00 00:00:00","seigaiha"
42,"multithreading","0000-00-00 00:00:00","cicada-stripes"
43,"excel","0000-00-00 00:00:00","half-rombes"
44,"spring","0000-00-00 00:00:00","horizontal-stripes"
45,"facebook","0000-00-00 00:00:00","half-rombes"
46,"image","0000-00-00 00:00:00","vertical-stripes"
47,"forms","0000-00-00 00:00:00","seigaiha"
48,"winforms","0000-00-00 00:00:00","madras"
49,"oracle","0000-00-00 00:00:00","seigaiha"
50,"git","0000-00-00 00:00:00","tartan"
51,"osx","0000-00-00 00:00:00","bricks"
52,"bash","0000-00-00 00:00:00","stars"
53,"algorithm","0000-00-00 00:00:00","brady-bunch"
54,"performance","0000-00-00 00:00:00","seigaiha"
55,"swing","0000-00-00 00:00:00","steps"
56,"apache","0000-00-00 00:00:00","tablecloth"
57,"ruby-on-rails-3","0000-00-00 00:00:00","vertical-stripes"
58,"matlab","0000-00-00 00:00:00","cicada-stripes"
59,"linq","0000-00-00 00:00:00","upholstery"
60,"entity-framework","0000-00-00 00:00:00","polka-dots"
61,"mongodb","0000-00-00 00:00:00","tablecloth"
62,"twitter-bootstrap","0000-00-00 00:00:00","seigaiha"
63,"hibernate","0000-00-00 00:00:00","vertical-stripes"
64,"perl","0000-00-00 00:00:00","stars"
65,"web-services","0000-00-00 00:00:00","microbial-mat"
66,"vba","0000-00-00 00:00:00","argyle"
67,"swift","0000-00-00 00:00:00","horizontal-stripes"
68,"visual-studio-2010","0000-00-00 00:00:00","cicada-stripes"
69,"visual-studio","0000-00-00 00:00:00","arrows"
70,"list","0000-00-00 00:00:00","stars"
71,"css3","0000-00-00 00:00:00","argyle"
72,"sql-server-2008","0000-00-00 00:00:00","arrows"
73,"qt","0000-00-00 00:00:00","blueprint"
74,".htaccess","0000-00-00 00:00:00","tartan"
75,"wcf","0000-00-00 00:00:00","zigzag"
76,"postgresql","0000-00-00 00:00:00","polka-dots"
77,"sqlite","0000-00-00 00:00:00","arrows"
78,"function","0000-00-00 00:00:00","horizontal-stripes"
79,"file","0000-00-00 00:00:00","diagonal-stripes"
80,"scala","0000-00-00 00:00:00","polka-dots"
81,"uitableview","0000-00-00 00:00:00","tartan"
82,"asp.net-mvc-3","0000-00-00 00:00:00","arrows"
83,"shell","0000-00-00 00:00:00","half-rombes"
84,"codeigniter","0000-00-00 00:00:00","diagonal-stripes"
85,"validation","0000-00-00 00:00:00","vertical-stripes"
86,"actionscript-3","0000-00-00 00:00:00","microbial-mat"
87,"class","0000-00-00 00:00:00","bricks"
88,"api","0000-00-00 00:00:00","upholstery"
89,"cordova","0000-00-00 00:00:00","microbial-mat"
90,"google-maps","0000-00-00 00:00:00","tartan"
91,"jsp","0000-00-00 00:00:00","polka-dots"
92,"python-2.7","0000-00-00 00:00:00","blueprint"
93,"rest","0000-00-00 00:00:00","weave"
94,"sockets","0000-00-00 00:00:00","weave"
95,"maven","0000-00-00 00:00:00","bricks"
96,"unit-testing","0000-00-00 00:00:00","polka-dots"
97,"tsql","0000-00-00 00:00:00","shippo"
98,"security","0000-00-00 00:00:00","seigaiha"
99,"google-chrome","0000-00-00 00:00:00","upholstery"
100,"asp.net-mvc-4","0000-00-00 00:00:00","microbial-mat"
101,"cocoa","0000-00-00 00:00:00","japanese-cube"
102,"xaml","0000-00-00 00:00:00","bricks"
103,"ipad","0000-00-00 00:00:00","half-rombes"
104,"jquery-ui","0000-00-00 00:00:00","vertical-stripes"
105,"delphi","0000-00-00 00:00:00","madras"
106,"excel-vba","0000-00-00 00:00:00","upholstery"
107,"cocoa-touch","0000-00-00 00:00:00","arrows"
108,"user-interface","0000-00-00 00:00:00","shippo"
109,"google-app-engine","0000-00-00 00:00:00","cicada-stripes"
110,"symfony2","0000-00-00 00:00:00","zigzag"
111,"email","0000-00-00 00:00:00","japanese-cube"
112,"oop","0000-00-00 00:00:00","cross"
113,"flash","0000-00-00 00:00:00","diagonal-stripes"
114,"android-layout","0000-00-00 00:00:00","half-rombes"
115,"magento","0000-00-00 00:00:00","vertical-stripes"
116,"sorting","0000-00-00 00:00:00","weave"
117,"http","0000-00-00 00:00:00","upholstery"
118,"loops","0000-00-00 00:00:00","upholstery"
119,"internet-explorer","0000-00-00 00:00:00","polka-dots"
120,"date","0000-00-00 00:00:00","zigzag"
121,"parsing","0000-00-00 00:00:00","cicada-stripes"
122,"listview","0000-00-00 00:00:00","steps"
123,"debugging","0000-00-00 00:00:00","polka-dots"
124,"silverlight","0000-00-00 00:00:00","cross"
125,"spring-mvc","0000-00-00 00:00:00","polka-dots"
126,"templates","0000-00-00 00:00:00","vertical-stripes"
127,"variables","0000-00-00 00:00:00","stars"
128,"session","0000-00-00 00:00:00","madras"
129,"jsf","0000-00-00 00:00:00","tartan"
130,"csv","0000-00-00 00:00:00","tablecloth"
131,"powershell","0000-00-00 00:00:00","waves"
132,"unix","0000-00-00 00:00:00","cross"
133,"datetime","0000-00-00 00:00:00","seigaiha"
134,"opencv","0000-00-00 00:00:00","upholstery"
135,"pointers","0000-00-00 00:00:00","zigzag"
136,"facebook-graph-api","0000-00-00 00:00:00","tablecloth"
137,"batch-file","0000-00-00 00:00:00","tablecloth"
138,"winapi","0000-00-00 00:00:00","stars"
139,"url","0000-00-00 00:00:00","brady-bunch"
140,"ms-access","0000-00-00 00:00:00","seigaiha"
141,"object","0000-00-00 00:00:00","diagonal-stripes"
142,"tomcat","0000-00-00 00:00:00","tartan"
143,"firefox","0000-00-00 00:00:00","microbial-mat"
144,"laravel","0000-00-00 00:00:00","cicada-stripes"
145,"cakephp","0000-00-00 00:00:00","madras"
146,"ubuntu","0000-00-00 00:00:00","argyle"
147,"c++11","0000-00-00 00:00:00","stars"
148,"events","0000-00-00 00:00:00","zigzag"
149,"ruby-on-rails-4","0000-00-00 00:00:00","diagonal-stripes"
150,"haskell","0000-00-00 00:00:00","cicada-stripes"
151,"authentication","0000-00-00 00:00:00","shippo"
152,"table","0000-00-00 00:00:00","cross"
153,"opengl","0000-00-00 00:00:00","tartan"
154,"flex","0000-00-00 00:00:00","tartan"
155,"java-ee","0000-00-00 00:00:00","half-rombes"
156,"exception","0000-00-00 00:00:00","half-rombes"
157,"pdf","0000-00-00 00:00:00","seigaiha"
158,"animation","0000-00-00 00:00:00","stars"
159,"python-3.x","0000-00-00 00:00:00","japanese-cube"
160,"servlets","0000-00-00 00:00:00","cross"
161,"grails","0000-00-00 00:00:00","tablecloth"
162,"generics","0000-00-00 00:00:00","seigaiha"
163,"azure","0000-00-00 00:00:00","weave"
164,"mod-rewrite","0000-00-00 00:00:00","stars"
165,"svn","0000-00-00 00:00:00","arrows"
166,"jpa","0000-00-00 00:00:00","upholstery"
167,"redirect","0000-00-00 00:00:00","half-rombes"
168,"xslt","0000-00-00 00:00:00","microbial-mat"
169,"dom","0000-00-00 00:00:00","arrows"
170,"hadoop","0000-00-00 00:00:00","cicada-stripes"
171,"jquery-mobile","0000-00-00 00:00:00","tartan"
172,"caching","0000-00-00 00:00:00","argyle"
173,"search","0000-00-00 00:00:00","bricks"
174,"c#-4.0","0000-00-00 00:00:00","japanese-cube"
175,"selenium","0000-00-00 00:00:00","madras"
176,"inheritance","0000-00-00 00:00:00","weave"
177,"select","0000-00-00 00:00:00","tartan"
178,"if-statement","0000-00-00 00:00:00","diagonal-stripes"
179,"iis","0000-00-00 00:00:00","half-rombes"
180,"math","0000-00-00 00:00:00","half-rombes"
181,"button","0000-00-00 00:00:00","cicada-stripes"
182,"visual-studio-2012","0000-00-00 00:00:00","waves"
183,"visual-c++","0000-00-00 00:00:00","cicada-stripes"
184,"post","0000-00-00 00:00:00","madras"
185,"testing","0000-00-00 00:00:00","polka-dots"
186,"windows-phone-7","0000-00-00 00:00:00","half-rombes"
187,"for-loop","0000-00-00 00:00:00","shippo"
188,"audio","0000-00-00 00:00:00","stars"
189,"design-patterns","0000-00-00 00:00:00","waves"
190,"ssl","0000-00-00 00:00:00","waves"
191,"android-fragments","0000-00-00 00:00:00","half-rombes"
192,"gcc","0000-00-00 00:00:00","cross"
193,"android-intent","0000-00-00 00:00:00","bricks"
194,"stored-procedures","0000-00-00 00:00:00","diagonal-stripes"
195,"core-data","0000-00-00 00:00:00","horizontal-stripes"
196,"join","0000-00-00 00:00:00","half-rombes"
197,"sharepoint","0000-00-00 00:00:00","shippo"
198,"networking","0000-00-00 00:00:00","cross"
199,"curl","0000-00-00 00:00:00","weave"
200,"zend-framework","0000-00-00 00:00:00","steps"
201,"numpy","0000-00-00 00:00:00","microbial-mat"
202,"extjs","0000-00-00 00:00:00","shippo"
203,"android-activity","0000-00-00 00:00:00","zigzag"
204,"iframe","0000-00-00 00:00:00","polka-dots"
205,"image-processing","0000-00-00 00:00:00","cicada-stripes"
206,"gridview","0000-00-00 00:00:00","horizontal-stripes"
207,"memory","0000-00-00 00:00:00","half-rombes"
208,"video","0000-00-00 00:00:00","waves"
209,"gwt","0000-00-00 00:00:00","madras"
210,"backbone.js","0000-00-00 00:00:00","madras"
211,"razor","0000-00-00 00:00:00","vertical-stripes"
212,"activerecord","0000-00-00 00:00:00","upholstery"
213,"windows-phone-8","0000-00-00 00:00:00","tablecloth"
214,"amazon-web-services","0000-00-00 00:00:00","waves"
215,"logging","0000-00-00 00:00:00","tablecloth"
216,"dictionary","0000-00-00 00:00:00","half-rombes"
217,"mobile","0000-00-00 00:00:00","zigzag"
218,"canvas","0000-00-00 00:00:00","steps"
219,"cookies","0000-00-00 00:00:00","argyle"
220,"optimization","0000-00-00 00:00:00","madras"
221,"assembly","0000-00-00 00:00:00","blueprint"
222,"model-view-controller","0000-00-00 00:00:00","bricks"
223,"sql-server-2005","0000-00-00 00:00:00","steps"
224,"asynchronous","0000-00-00 00:00:00","brady-bunch"
225,"layout","0000-00-00 00:00:00","shippo"
226,"encryption","0000-00-00 00:00:00","zigzag"
227,"serialization","0000-00-00 00:00:00","steps"
228,"memory-management","0000-00-00 00:00:00","zigzag"
229,"vim","0000-00-00 00:00:00","tablecloth"
230,"heroku","0000-00-00 00:00:00","microbial-mat"
231,"recursion","0000-00-00 00:00:00","polka-dots"
232,"nhibernate","0000-00-00 00:00:00","bricks"
233,"twitter","0000-00-00 00:00:00","tartan"
234,"xpath","0000-00-00 00:00:00","madras"
235,"soap","0000-00-00 00:00:00","zigzag"
236,"browser","0000-00-00 00:00:00","brady-bunch"
237,"file-upload","0000-00-00 00:00:00","tartan"
238,"express","0000-00-00 00:00:00","shippo"
239,"design","0000-00-00 00:00:00","upholstery"
240,"boost","0000-00-00 00:00:00","steps"
241,"jdbc","0000-00-00 00:00:00","seigaiha"
242,"netbeans","0000-00-00 00:00:00","argyle"
243,"ember.js","0000-00-00 00:00:00","upholstery"
244,"text","0000-00-00 00:00:00","argyle"
245,"google-maps-api-3","0000-00-00 00:00:00","argyle"
246,"drupal","0000-00-00 00:00:00","diagonal-stripes"
247,"file-io","0000-00-00 00:00:00","weave"
248,"dynamic","0000-00-00 00:00:00","stars"
249,"web","0000-00-00 00:00:00","microbial-mat"
250,"matrix","0000-00-00 00:00:00","shippo"
251,"database-design","0000-00-00 00:00:00","cicada-stripes"
252,"dll","0000-00-00 00:00:00","seigaiha"
253,"visual-studio-2008","0000-00-00 00:00:00","microbial-mat"
254,"mvvm","0000-00-00 00:00:00","vertical-stripes"
255,"ios7","0000-00-00 00:00:00","tablecloth"
256,"checkbox","0000-00-00 00:00:00","steps"
257,"web-applications","0000-00-00 00:00:00","argyle"
258,"plugins","0000-00-00 00:00:00","waves"
259,"random","0000-00-00 00:00:00","brady-bunch"
260,"d3.js","0000-00-00 00:00:00","microbial-mat"
261,"svg","0000-00-00 00:00:00","upholstery"
262,"visual-studio-2013","0000-00-00 00:00:00","tablecloth"
263,"methods","0000-00-00 00:00:00","blueprint"
264,"multidimensional-array","0000-00-00 00:00:00","weave"
265,"vector","0000-00-00 00:00:00","argyle"
266,"input","0000-00-00 00:00:00","half-rombes"
267,"arraylist","0000-00-00 00:00:00","bricks"
268,"android-listview","0000-00-00 00:00:00","polka-dots"
269,"nginx","0000-00-00 00:00:00","polka-dots"
270,"reflection","0000-00-00 00:00:00","argyle"
271,"jsf-2","0000-00-00 00:00:00","japanese-cube"
272,"github","0000-00-00 00:00:00","polka-dots"
273,"pandas","0000-00-00 00:00:00","microbial-mat"
274,"knockout.js","0000-00-00 00:00:00","argyle"
275,"indexing","0000-00-00 00:00:00","microbial-mat"
276,"data-structures","0000-00-00 00:00:00","arrows"
277,"meteor","0000-00-00 00:00:00","steps"
278,"data-binding","0000-00-00 00:00:00","waves"
279,"drop-down-menu","0000-00-00 00:00:00","stars"
280,"asp.net-web-api","0000-00-00 00:00:00","upholstery"
281,"yii","0000-00-00 00:00:00","tablecloth"
282,"unicode","0000-00-00 00:00:00","upholstery"
283,"service","0000-00-00 00:00:00","brady-bunch"
284,"reporting-services","0000-00-00 00:00:00","japanese-cube"
285,"primefaces","0000-00-00 00:00:00","upholstery"
286,"pdo","0000-00-00 00:00:00","vertical-stripes"
287,"mysqli","0000-00-00 00:00:00","blueprint"
288,"android-studio","0000-00-00 00:00:00","waves"
289,"emacs","0000-00-00 00:00:00","bricks"
290,"time","0000-00-00 00:00:00","horizontal-stripes"
291,"hash","0000-00-00 00:00:00","half-rombes"
292,"deployment","0000-00-00 00:00:00","arrows"
293,"view","0000-00-00 00:00:00","madras"
294,"data","0000-00-00 00:00:00","tartan"
295,"laravel-4","0000-00-00 00:00:00","arrows"
296,"encoding","0000-00-00 00:00:00","upholstery"
297,"matplotlib","0000-00-00 00:00:00","cross"
298,"linq-to-sql","0000-00-00 00:00:00","arrows"
299,"login","0000-00-00 00:00:00","vertical-stripes"
300,"uiview","0000-00-00 00:00:00","microbial-mat"
301,"collections","0000-00-00 00:00:00","microbial-mat"
302,"graphics","0000-00-00 00:00:00","microbial-mat"
303,"scroll","0000-00-00 00:00:00","tablecloth"
304,"intellij-idea","0000-00-00 00:00:00","stars"
305,"joomla","0000-00-00 00:00:00","cross"
306,"replace","0000-00-00 00:00:00","waves"
307,"command-line","0000-00-00 00:00:00","horizontal-stripes"
308,"groovy","0000-00-00 00:00:00","madras"
309,"printing","0000-00-00 00:00:00","brady-bunch"
310,"ios5","0000-00-00 00:00:00","horizontal-stripes"
311,"awk","0000-00-00 00:00:00","brady-bunch"
312,"paypal","0000-00-00 00:00:00","bricks"
313,"ant","0000-00-00 00:00:00","argyle"
314,"graph","0000-00-00 00:00:00","cicada-stripes"
315,"parse.com","0000-00-00 00:00:00","shippo"
316,"utf-8","0000-00-00 00:00:00","cross"
317,"jquery-plugins","0000-00-00 00:00:00","diagonal-stripes"
318,"struct","0000-00-00 00:00:00","cross"
319,"ssh","0000-00-00 00:00:00","shippo"
320,"django-models","0000-00-00 00:00:00","japanese-cube"
321,"solr","0000-00-00 00:00:00","zigzag"
322,"javascript-events","0000-00-00 00:00:00","brady-bunch"
323,"datagridview","0000-00-00 00:00:00","weave"
324,"jenkins","0000-00-00 00:00:00","brady-bunch"
325,"tcp","0000-00-00 00:00:00","arrows"
326,"syntax","0000-00-00 00:00:00","steps"
327,"unity3d","0000-00-00 00:00:00","steps"
328,"sed","0000-00-00 00:00:00","madras"
329,"memory-leaks","0000-00-00 00:00:00","seigaiha"
330,"plot","0000-00-00 00:00:00","cicada-stripes"
331,"types","0000-00-00 00:00:00","madras"
332,"hyperlink","0000-00-00 00:00:00","half-rombes"
333,"rspec","0000-00-00 00:00:00","bricks"
334,"google-chrome-extension","0000-00-00 00:00:00","tartan"
335,"vbscript","0000-00-00 00:00:00","seigaiha"
336,"selenium-webdriver","0000-00-00 00:00:00","diagonal-stripes"
337,"binding","0000-00-00 00:00:00","steps"
338,"elasticsearch","0000-00-00 00:00:00","half-rombes"
339,"ios4","0000-00-00 00:00:00","cicada-stripes"
340,"junit","0000-00-00 00:00:00","polka-dots"
341,"version-control","0000-00-00 00:00:00","brady-bunch"
342,"uiviewcontroller","0000-00-00 00:00:00","bricks"
343,"orm","0000-00-00 00:00:00","shippo"
344,"fonts","0000-00-00 00:00:00","bricks"
345,"webview","0000-00-00 00:00:00","diagonal-stripes"
346,"foreach","0000-00-00 00:00:00","cross"
347,"oauth","0000-00-00 00:00:00","cicada-stripes"
348,"plsql","0000-00-00 00:00:00","microbial-mat"
349,"jar","0000-00-00 00:00:00","stars"
350,"tfs","0000-00-00 00:00:00","japanese-cube"
351,"go","0000-00-00 00:00:00","bricks"
352,"charts","0000-00-00 00:00:00","stars"
353,"opengl-es","0000-00-00 00:00:00","bricks"
354,"concurrency","0000-00-00 00:00:00","diagonal-stripes"
355,"timer","0000-00-00 00:00:00","upholstery"
356,"import","0000-00-00 00:00:00","diagonal-stripes"
357,"highcharts","0000-00-00 00:00:00","blueprint"
358,"process","0000-00-00 00:00:00","shippo"
359,"angularjs-directive","0000-00-00 00:00:00","waves"
360,"properties","0000-00-00 00:00:00","microbial-mat"
361,"parameters","0000-00-00 00:00:00","seigaiha"
362,"colors","0000-00-00 00:00:00","japanese-cube"
363,"gradle","0000-00-00 00:00:00","shippo"
364,"amazon-ec2","0000-00-00 00:00:00","madras"
365,"amazon-s3","0000-00-00 00:00:00","microbial-mat"
366,"windows-8","0000-00-00 00:00:00","cross"
367,"cocos2d-iphone","0000-00-00 00:00:00","half-rombes"
368,"filter","0000-00-00 00:00:00","madras"
369,"https","0000-00-00 00:00:00","zigzag"
370,"menu","0000-00-00 00:00:00","brady-bunch"
371,"error-handling","0000-00-00 00:00:00","blueprint"
372,"constructor","0000-00-00 00:00:00","steps"
373,"datagrid","0000-00-00 00:00:00","brady-bunch"
374,"google-apps-script","0000-00-00 00:00:00","argyle"
375,"combobox","0000-00-00 00:00:00","microbial-mat"
376,"interface","0000-00-00 00:00:00","weave"
377,"twitter-bootstrap-3","0000-00-00 00:00:00","brady-bunch"
378,"javafx","0000-00-00 00:00:00","upholstery"
379,"bitmap","0000-00-00 00:00:00","waves"
380,"playframework","0000-00-00 00:00:00","tartan"
381,"configuration","0000-00-00 00:00:00","stars"
382,"jboss","0000-00-00 00:00:00","japanese-cube"
383,"spring-security","0000-00-00 00:00:00","polka-dots"
384,"dependency-injection","0000-00-00 00:00:00","cicada-stripes"
385,"lambda","0000-00-00 00:00:00","madras"
386,"doctrine2","0000-00-00 00:00:00","cross"
387,"casting","0000-00-00 00:00:00","horizontal-stripes"
388,"architecture","0000-00-00 00:00:00","argyle"
389,"exception-handling","0000-00-00 00:00:00","madras"
390,"download","0000-00-00 00:00:00","argyle"
391,"build","0000-00-00 00:00:00","stars"
392,"map","0000-00-00 00:00:00","cross"
393,"clojure","0000-00-00 00:00:00","microbial-mat"
394,"ios8","0000-00-00 00:00:00","madras"
395,"datatable","0000-00-00 00:00:00","vertical-stripes"
396,"windows-7","0000-00-00 00:00:00","seigaiha"
397,"devise","0000-00-00 00:00:00","argyle"
398,"model","0000-00-00 00:00:00","tablecloth"
399,"coldfusion","0000-00-00 00:00:00","blueprint"
400,"oracle11g","0000-00-00 00:00:00","waves"
401,"enums","0000-00-00 00:00:00","half-rombes"
402,"autocomplete","0000-00-00 00:00:00","diagonal-stripes"
403,"android-asynctask","0000-00-00 00:00:00","bricks"
404,"kendo-ui","0000-00-00 00:00:00","cicada-stripes"
405,"url-rewriting","0000-00-00 00:00:00","tablecloth"
406,"struts2","0000-00-00 00:00:00","upholstery"
407,"io","0000-00-00 00:00:00","half-rombes"
408,"triggers","0000-00-00 00:00:00","stars"
409,"module","0000-00-00 00:00:00","stars"
410,"google-analytics","0000-00-00 00:00:00","blueprint"
411,"stl","0000-00-00 00:00:00","cicada-stripes"
412,"background","0000-00-00 00:00:00","zigzag"
413,"reference","0000-00-00 00:00:00","cicada-stripes"
414,"compiler-construction","0000-00-00 00:00:00","horizontal-stripes"
415,"cmd","0000-00-00 00:00:00","waves"
416,"ssis","0000-00-00 00:00:00","horizontal-stripes"
417,"responsive-design","0000-00-00 00:00:00","tablecloth"
418,"sqlite3","0000-00-00 00:00:00","arrows"
419,"asp-classic","0000-00-00 00:00:00","arrows"
420,"static","0000-00-00 00:00:00","blueprint"
421,"scripting","0000-00-00 00:00:00","microbial-mat"
422,"while-loop","0000-00-00 00:00:00","bricks"
423,"proxy","0000-00-00 00:00:00","argyle"
424,"xsd","0000-00-00 00:00:00","blueprint"
425,"webforms","0000-00-00 00:00:00","tartan"
426,"youtube","0000-00-00 00:00:00","argyle"
427,"character-encoding","0000-00-00 00:00:00","seigaiha"
428,"jqgrid","0000-00-00 00:00:00","waves"
429,"ios6","0000-00-00 00:00:00","brady-bunch"
430,"3d","0000-00-00 00:00:00","zigzag"
431,"ggplot2","0000-00-00 00:00:00","stars"
432,"upload","0000-00-00 00:00:00","upholstery"
433,"sdk","0000-00-00 00:00:00","half-rombes"
434,"path","0000-00-00 00:00:00","microbial-mat"
435,"merge","0000-00-00 00:00:00","bricks"
436,"tabs","0000-00-00 00:00:00","tartan"
437,"blackberry","0000-00-00 00:00:00","shippo"
438,"nullpointerexception","0000-00-00 00:00:00","bricks"
439,"iis-7","0000-00-00 00:00:00","waves"
440,"count","0000-00-00 00:00:00","blueprint"
441,"compilation","0000-00-00 00:00:00","stars"
442,"insert","0000-00-00 00:00:00","brady-bunch"
443,"safari","0000-00-00 00:00:00","vertical-stripes"
444,"uiscrollview","0000-00-00 00:00:00","brady-bunch"
445,"cuda","0000-00-00 00:00:00","upholstery"
446,"uiwebview","0000-00-00 00:00:00","japanese-cube"
447,"com","0000-00-00 00:00:00","diagonal-stripes"
448,"lua","0000-00-00 00:00:00","madras"
449,"transactions","0000-00-00 00:00:00","horizontal-stripes"
450,"ftp","0000-00-00 00:00:00","bricks"
451,"split","0000-00-00 00:00:00","steps"
452,"asp.net-mvc-2","0000-00-00 00:00:00","zigzag"
453,"flask","0000-00-00 00:00:00","arrows"
454,"tkinter","0000-00-00 00:00:00","vertical-stripes"
455,"bluetooth","0000-00-00 00:00:00","tablecloth"
456,"actionscript","0000-00-00 00:00:00","seigaiha"
457,"mfc","0000-00-00 00:00:00","bricks"
458,"terminal","0000-00-00 00:00:00","blueprint"
459,"internet-explorer-8","0000-00-00 00:00:00","arrows"
460,"permissions","0000-00-00 00:00:00","madras"
461,"sql-server-2008-r2","0000-00-00 00:00:00","stars"
462,"xml-parsing","0000-00-00 00:00:00","zigzag"
463,"callback","0000-00-00 00:00:00","horizontal-stripes"
464,"compiler-errors","0000-00-00 00:00:00","horizontal-stripes"
465,"textbox","0000-00-00 00:00:00","half-rombes"
466,"controller","0000-00-00 00:00:00","tartan"
467,"eclipse-plugin","0000-00-00 00:00:00","microbial-mat"
468,"dns","0000-00-00 00:00:00","microbial-mat"
469,"localization","0000-00-00 00:00:00","upholstery"
470,"phpmyadmin","0000-00-00 00:00:00","seigaiha"
471,"sharepoint-2010","0000-00-00 00:00:00","tablecloth"
472,"parallel-processing","0000-00-00 00:00:00","microbial-mat"
473,"makefile","0000-00-00 00:00:00","tablecloth"
474,"get","0000-00-00 00:00:00","tablecloth"
475,"websocket","0000-00-00 00:00:00","polka-dots"
476,".net-4.0","0000-00-00 00:00:00","vertical-stripes"
477,"f#","0000-00-00 00:00:00","steps"
478,"tree","0000-00-00 00:00:00","madras"
479,"xamarin","0000-00-00 00:00:00","tartan"
480,"camera","0000-00-00 00:00:00","tablecloth"
481,"crystal-reports","0000-00-00 00:00:00","tablecloth"
482,"ms-word","0000-00-00 00:00:00","arrows"
483,"linux-kernel","0000-00-00 00:00:00","waves"
484,"neo4j","0000-00-00 00:00:00","bricks"
485,"dojo","0000-00-00 00:00:00","weave"
486,"datepicker","0000-00-00 00:00:00","steps"
487,"pagination","0000-00-00 00:00:00","brady-bunch"
488,"user-controls","0000-00-00 00:00:00","waves"
489,"drupal-7","0000-00-00 00:00:00","cicada-stripes"
490,"ffmpeg","0000-00-00 00:00:00","argyle"
491,"mongoose","0000-00-00 00:00:00","upholstery"
492,"drag-and-drop","0000-00-00 00:00:00","arrows"
493,"android-ndk","0000-00-00 00:00:00","microbial-mat"
494,"linked-list","0000-00-00 00:00:00","horizontal-stripes"
495,"coffeescript","0000-00-00 00:00:00","argyle"
496,"installation","0000-00-00 00:00:00","tartan"
497,"vb6","0000-00-00 00:00:00","japanese-cube"
498,"mapreduce","0000-00-00 00:00:00","arrows"
499,"macros","0000-00-00 00:00:00","stars"
500,"frameworks","0000-00-00 00:00:00","arrows"
501,"header","0000-00-00 00:00:00","zigzag"
502,"msbuild","0000-00-00 00:00:00","brady-bunch"
503,"routing","0000-00-00 00:00:00","upholstery"
504,"lucene","0000-00-00 00:00:00","arrows"
505,"uinavigationcontroller","0000-00-00 00:00:00","blueprint"
506,"linker","0000-00-00 00:00:00","steps"
507,"null","0000-00-00 00:00:00","tablecloth"
508,"sql-server-2012","0000-00-00 00:00:00","half-rombes"
509,"calendar","0000-00-00 00:00:00","steps"
510,"stream","0000-00-00 00:00:00","half-rombes"
511,"listbox","0000-00-00 00:00:00","waves"
512,"routes","0000-00-00 00:00:00","brady-bunch"
513,"dialog","0000-00-00 00:00:00","polka-dots"
514,"active-directory","0000-00-00 00:00:00","diagonal-stripes"
515,"onclick","0000-00-00 00:00:00","diagonal-stripes"
516,"notifications","0000-00-00 00:00:00","seigaiha"
517,"crash","0000-00-00 00:00:00","weave"
518,"group-by","0000-00-00 00:00:00","diagonal-stripes"
519,"outlook","0000-00-00 00:00:00","tartan"
520,"uiimageview","0000-00-00 00:00:00","stars"
521,"grep","0000-00-00 00:00:00","weave"
522,"entity-framework-4","0000-00-00 00:00:00","weave"
523,"navigation","0000-00-00 00:00:00","zigzag"
524,"delegates","0000-00-00 00:00:00","cross"
525,"air","0000-00-00 00:00:00","madras"
526,"namespaces","0000-00-00 00:00:00","cicada-stripes"
527,"scope","0000-00-00 00:00:00","arrows"
528,"mono","0000-00-00 00:00:00","shippo"
529,"jquery-selectors","0000-00-00 00:00:00","weave"
530,"windows-runtime","0000-00-00 00:00:00","tablecloth"
531,"language-agnostic","0000-00-00 00:00:00","madras"
532,"binary","0000-00-00 00:00:00","waves"
533,"jaxb","0000-00-00 00:00:00","bricks"
534,"cron","0000-00-00 00:00:00","seigaiha"
535,"event-handling","0000-00-00 00:00:00","cicada-stripes"
536,"floating-point","0000-00-00 00:00:00","half-rombes"
537,"machine-learning","0000-00-00 00:00:00","zigzag"
538,"rotation","0000-00-00 00:00:00","tartan"
539,"ado.net","0000-00-00 00:00:00","arrows"
540,"android-emulator","0000-00-00 00:00:00","waves"
541,"android-actionbar","0000-00-00 00:00:00","argyle"
542,"internationalization","0000-00-00 00:00:00","shippo"
543,"redis","0000-00-00 00:00:00","japanese-cube"
544,"push-notification","0000-00-00 00:00:00","blueprint"
545,"uibutton","0000-00-00 00:00:00","cicada-stripes"
546,"keyboard","0000-00-00 00:00:00","waves"
547,"console","0000-00-00 00:00:00","arrows"
548,"functional-programming","0000-00-00 00:00:00","microbial-mat"
549,"asp.net-mvc-5","0000-00-00 00:00:00","steps"
550,"socket.io","0000-00-00 00:00:00","zigzag"
551,"zend-framework2","0000-00-00 00:00:00","tablecloth"
552,"cross-browser","0000-00-00 00:00:00","madras"
553,"gps","0000-00-00 00:00:00","bricks"
554,"monotouch","0000-00-00 00:00:00","horizontal-stripes"
555,"cassandra","0000-00-00 00:00:00","japanese-cube"
556,"automation","0000-00-00 00:00:00","brady-bunch"
557,"xna","0000-00-00 00:00:00","blueprint"
558,"annotations","0000-00-00 00:00:00","arrows"
559,"geolocation","0000-00-00 00:00:00","vertical-stripes"
560,"mercurial","0000-00-00 00:00:00","tartan"
561,"website","0000-00-00 00:00:00","stars"
562,"ruby-on-rails-3.2","0000-00-00 00:00:00","polka-dots"
563,"telerik","0000-00-00 00:00:00","cicada-stripes"
564,"network-programming","0000-00-00 00:00:00","stars"
565,"oauth-2.0","0000-00-00 00:00:00","horizontal-stripes"
566,"garbage-collection","0000-00-00 00:00:00","weave"
567,"tags","0000-00-00 00:00:00","blueprint"
568,"applet","0000-00-00 00:00:00","japanese-cube"
569,"three.js","0000-00-00 00:00:00","stars"
570,"android-edittext","0000-00-00 00:00:00","half-rombes"
571,"sass","0000-00-00 00:00:00","cicada-stripes"
572,"libgdx","0000-00-00 00:00:00","zigzag"
573,"ide","0000-00-00 00:00:00","cross"
574,"attributes","0000-00-00 00:00:00","cross"
575,"google-api","0000-00-00 00:00:00","stars"
576,"django-forms","0000-00-00 00:00:00","tablecloth"
577,"wsdl","0000-00-00 00:00:00","cross"
578,"grid","0000-00-00 00:00:00","steps"
579,"formatting","0000-00-00 00:00:00","japanese-cube"
580,"wordpress-plugin","0000-00-00 00:00:00","upholstery"
581,"iterator","0000-00-00 00:00:00","waves"
582,"resources","0000-00-00 00:00:00","blueprint"
583,"popup","0000-00-00 00:00:00","madras"
584,"coding-style","0000-00-00 00:00:00","seigaiha"
585,"gruntjs","0000-00-00 00:00:00","madras"
586,"gem","0000-00-00 00:00:00","brady-bunch"
587,"django-templates","0000-00-00 00:00:00","shippo"
588,"directory","0000-00-00 00:00:00","cicada-stripes"
589,"textview","0000-00-00 00:00:00","seigaiha"
590,"arduino","0000-00-00 00:00:00","steps"
591,"sqlalchemy","0000-00-00 00:00:00","cicada-stripes"
592,"hashmap","0000-00-00 00:00:00","cicada-stripes"
593,"xcode6","0000-00-00 00:00:00","waves"
594,"css-selectors","0000-00-00 00:00:00","shippo"
595,"resize","0000-00-00 00:00:00","seigaiha"
596,"uiimage","0000-00-00 00:00:00","weave"
597,"include","0000-00-00 00:00:00","japanese-cube"
598,"openssl","0000-00-00 00:00:00","half-rombes"
599,"nsstring","0000-00-00 00:00:00","seigaiha"
600,"serial-port","0000-00-00 00:00:00","waves"
601,"char","0000-00-00 00:00:00","seigaiha"
602,"cryptography","0000-00-00 00:00:00","japanese-cube"
603,"hover","0000-00-00 00:00:00","bricks"
604,"rss","0000-00-00 00:00:00","seigaiha"
605,"x86","0000-00-00 00:00:00","half-rombes"
606,"wix","0000-00-00 00:00:00","japanese-cube"
607,"sprite-kit","0000-00-00 00:00:00","arrows"
608,"windows-services","0000-00-00 00:00:00","cross"
609,"passwords","0000-00-00 00:00:00","half-rombes"
610,"jtable","0000-00-00 00:00:00","diagonal-stripes"
611,"widget","0000-00-00 00:00:00","horizontal-stripes"
612,"cmake","0000-00-00 00:00:00","bricks"
613,"doctrine","0000-00-00 00:00:00","tartan"
614,"windows-phone","0000-00-00 00:00:00","stars"
615,"seo","0000-00-00 00:00:00","upholstery"
616,"jframe","0000-00-00 00:00:00","tartan"
617,"web-scraping","0000-00-00 00:00:00","microbial-mat"
618,"http-headers","0000-00-00 00:00:00","bricks"
619,"windows-phone-8.1","0000-00-00 00:00:00","madras"
620,"operating-system","0000-00-00 00:00:00","japanese-cube"
621,"modal-dialog","0000-00-00 00:00:00","argyle"
622,"glassfish","0000-00-00 00:00:00","tartan"
623,"apache-spark","0000-00-00 00:00:00","japanese-cube"
624,"numbers","0000-00-00 00:00:00","waves"
625,"storyboard","0000-00-00 00:00:00","brady-bunch"
626,"jvm","0000-00-00 00:00:00","stars"
627,"web-config","0000-00-00 00:00:00","microbial-mat"
628,"xhtml","0000-00-00 00:00:00","cross"
629,"imageview","0000-00-00 00:00:00","argyle"
630,"nosql","0000-00-00 00:00:00","blueprint"
631,"smtp","0000-00-00 00:00:00","steps"
632,"ef-code-first","0000-00-00 00:00:00","half-rombes"
633,"java-me","0000-00-00 00:00:00","tartan"
634,"windows-store-apps","0000-00-00 00:00:00","vertical-stripes"
635,"youtube-api","0000-00-00 00:00:00","arrows"
636,"ldap","0000-00-00 00:00:00","waves"
637,"playframework-2.0","0000-00-00 00:00:00","seigaiha"
638,"centos","0000-00-00 00:00:00","tartan"
639,"prolog","0000-00-00 00:00:00","half-rombes"
640,"timezone","0000-00-00 00:00:00","argyle"
641,"segmentation-fault","0000-00-00 00:00:00","upholstery"
642,"webkit","0000-00-00 00:00:00","weave"
643,"mocking","0000-00-00 00:00:00","steps"
644,"slider","0000-00-00 00:00:00","tablecloth"
645,"statistics","0000-00-00 00:00:00","weave"
646,"click","0000-00-00 00:00:00","bricks"
647,"integer","0000-00-00 00:00:00","brady-bunch"
648,"google-drive-sdk","0000-00-00 00:00:00","cicada-stripes"
649,"jersey","0000-00-00 00:00:00","japanese-cube"
650,"requirejs","0000-00-00 00:00:00","diagonal-stripes"
651,"erlang","0000-00-00 00:00:00","blueprint"
652,"android-viewpager","0000-00-00 00:00:00","cicada-stripes"
653,"jni","0000-00-00 00:00:00","stars"
654,"order","0000-00-00 00:00:00","brady-bunch"
655,"request","0000-00-00 00:00:00","seigaiha"
656,"xcode4","0000-00-00 00:00:00","tartan"
657,".net-3.5","0000-00-00 00:00:00","steps"
658,"make","0000-00-00 00:00:00","vertical-stripes"
659,"copy","0000-00-00 00:00:00","microbial-mat"
660,"save","0000-00-00 00:00:00","madras"
661,"scipy","0000-00-00 00:00:00","diagonal-stripes"
662,"google-spreadsheet","0000-00-00 00:00:00","blueprint"
663,"treeview","0000-00-00 00:00:00","microbial-mat"
664,"initialization","0000-00-00 00:00:00","cross"
665,"position","0000-00-00 00:00:00","shippo"
666,"udp","0000-00-00 00:00:00","arrows"
667,"styles","0000-00-00 00:00:00","stars"
668,"synchronization","0000-00-00 00:00:00","microbial-mat"
669,"jasper-reports","0000-00-00 00:00:00","vertical-stripes"
670,"access-vba","0000-00-00 00:00:00","weave"
671,"radio-button","0000-00-00 00:00:00","blueprint"
672,"rubygems","0000-00-00 00:00:00","bricks"
673,"window","0000-00-00 00:00:00","steps"
674,"xmlhttprequest","0000-00-00 00:00:00","zigzag"
675,"pyqt","0000-00-00 00:00:00","tartan"
676,"angularjs-scope","0000-00-00 00:00:00","brady-bunch"
677,"geometry","0000-00-00 00:00:00","bricks"
678,"int","0000-00-00 00:00:00","weave"
679,"find","0000-00-00 00:00:00","cicada-stripes"
680,"gdb","0000-00-00 00:00:00","steps"
681,"documentation","0000-00-00 00:00:00","waves"
682,"excel-formula","0000-00-00 00:00:00","waves"
683,"connection","0000-00-00 00:00:00","bricks"
684,"cursor","0000-00-00 00:00:00","weave"
685,"firefox-addon","0000-00-00 00:00:00","seigaiha"
686,"thread-safety","0000-00-00 00:00:00","tartan"
687,"ruby-on-rails-3.1","0000-00-00 00:00:00","seigaiha"
688,"silverlight-4.0","0000-00-00 00:00:00","polka-dots"
689,"content-management-system","0000-00-00 00:00:00","shippo"
690,"data.frame","0000-00-00 00:00:00","cross"
691,"autolayout","0000-00-00 00:00:00","upholstery"
692,"dart","0000-00-00 00:00:00","zigzag"
693,"jquery-validate","0000-00-00 00:00:00","stars"
694,"oracle10g","0000-00-00 00:00:00","cicada-stripes"
695,"filesystems","0000-00-00 00:00:00","brady-bunch"
696,"format","0000-00-00 00:00:00","shippo"
697,"nested","0000-00-00 00:00:00","seigaiha"
698,"timestamp","0000-00-00 00:00:00","stars"
699,"log4j","0000-00-00 00:00:00","horizontal-stripes"
700,"sum","0000-00-00 00:00:00","microbial-mat"
701,"docker","0000-00-00 00:00:00","cross"
702,"linq-to-entities","0000-00-00 00:00:00","bricks"
703,"sql-update","0000-00-00 00:00:00","bricks"
704,"html5-canvas","0000-00-00 00:00:00","seigaiha"
705,"stack","0000-00-00 00:00:00","blueprint"
706,"extjs4","0000-00-00 00:00:00","half-rombes"
707,"fluent-nhibernate","0000-00-00 00:00:00","steps"
708,"command","0000-00-00 00:00:00","blueprint"
709,"webdriver","0000-00-00 00:00:00","waves"
710,"dependencies","0000-00-00 00:00:00","polka-dots"
711,"timeout","0000-00-00 00:00:00","arrows"
712,"xampp","0000-00-00 00:00:00","diagonal-stripes"
713,"g++","0000-00-00 00:00:00","cicada-stripes"
714,"set","0000-00-00 00:00:00","cicada-stripes"
715,"maven-2","0000-00-00 00:00:00","cicada-stripes"
716,"db2","0000-00-00 00:00:00","cicada-stripes"
717,"kernel","0000-00-00 00:00:00","shippo"
718,"switch-statement","0000-00-00 00:00:00","cicada-stripes"
719,"icons","0000-00-00 00:00:00","cross"
720,"location","0000-00-00 00:00:00","cicada-stripes"
721,"windows-installer","0000-00-00 00:00:00","blueprint"
722,"django-admin","0000-00-00 00:00:00","argyle"
723,"load","0000-00-00 00:00:00","tablecloth"
724,"in-app-purchase","0000-00-00 00:00:00","seigaiha"
725,"foreign-keys","0000-00-00 00:00:00","shippo"
726,"android-widget","0000-00-00 00:00:00","upholstery"
727,"hive","0000-00-00 00:00:00","brady-bunch"
728,"gtk","0000-00-00 00:00:00","japanese-cube"
729,"boolean","0000-00-00 00:00:00","stars"
730,"arm","0000-00-00 00:00:00","cross"
731,"return","0000-00-00 00:00:00","brady-bunch"
732,"gmail","0000-00-00 00:00:00","diagonal-stripes"
733,"user","0000-00-00 00:00:00","zigzag"
734,"jpanel","0000-00-00 00:00:00","vertical-stripes"
735,"sms","0000-00-00 00:00:00","diagonal-stripes"
736,"google-play","0000-00-00 00:00:00","japanese-cube"
737,"locking","0000-00-00 00:00:00","horizontal-stripes"
738,"uitextfield","0000-00-00 00:00:00","cicada-stripes"
739,"ckeditor","0000-00-00 00:00:00","weave"
740,"fortran","0000-00-00 00:00:00","brady-bunch"
741,"jquery-animate","0000-00-00 00:00:00","polka-dots"
742,"escaping","0000-00-00 00:00:00","half-rombes"
743,"jackson","0000-00-00 00:00:00","seigaiha"
744,"arguments","0000-00-00 00:00:00","madras"
745,"tinymce","0000-00-00 00:00:00","vertical-stripes"
746,"broadcastreceiver","0000-00-00 00:00:00","shippo"
747,"npm","0000-00-00 00:00:00","japanese-cube"
748,"woocommerce","0000-00-00 00:00:00","argyle"
749,"ip","0000-00-00 00:00:00","steps"
750,"dataset","0000-00-00 00:00:00","diagonal-stripes"
751,"polymorphism","0000-00-00 00:00:00","zigzag"
752,"full-text-search","0000-00-00 00:00:00","arrows"
753,"qt4","0000-00-00 00:00:00","tablecloth"
754,"uikit","0000-00-00 00:00:00","argyle"
755,"cygwin","0000-00-00 00:00:00","japanese-cube"
756,"embedded","0000-00-00 00:00:00","brady-bunch"
757,"singleton","0000-00-00 00:00:00","madras"
758,"pthreads","0000-00-00 00:00:00","horizontal-stripes"
759,"interface-builder","0000-00-00 00:00:00","arrows"
760,"queue","0000-00-00 00:00:00","weave"
761,"certificate","0000-00-00 00:00:00","seigaiha"
762,"alignment","0000-00-00 00:00:00","argyle"
763,"repository","0000-00-00 00:00:00","brady-bunch"
764,"compare","0000-00-00 00:00:00","vertical-stripes"
765,"app-store","0000-00-00 00:00:00","zigzag"
766,"webserver","0000-00-00 00:00:00","cicada-stripes"
767,"apache2","0000-00-00 00:00:00","zigzag"
768,"zip","0000-00-00 00:00:00","steps"
769,"usb","0000-00-00 00:00:00","japanese-cube"
770,"migration","0000-00-00 00:00:00","upholstery"
771,"ejb","0000-00-00 00:00:00","waves"
772,"compression","0000-00-00 00:00:00","cross"
773,"refactoring","0000-00-00 00:00:00","vertical-stripes"
774,"datatables","0000-00-00 00:00:00","bricks"
775,"nsmutablearray","0000-00-00 00:00:00","bricks"
776,"touch","0000-00-00 00:00:00","bricks"
777,"uicollectionview","0000-00-00 00:00:00","waves"
778,"sas","0000-00-00 00:00:00","bricks"
779,"beautifulsoup","0000-00-00 00:00:00","arrows"
780,"django-views","0000-00-00 00:00:00","seigaiha"
781,"comparison","0000-00-00 00:00:00","stars"
782,"duplicates","0000-00-00 00:00:00","zigzag"
783,"installer","0000-00-00 00:00:00","japanese-cube"
784,"phpunit","0000-00-00 00:00:00","tablecloth"
785,"typescript","0000-00-00 00:00:00","madras"
786,"fancybox","0000-00-00 00:00:00","japanese-cube"
787,"wpf-controls","0000-00-00 00:00:00","tartan"
788,"64bit","0000-00-00 00:00:00","horizontal-stripes"
789,"css-float","0000-00-00 00:00:00","zigzag"
790,"wxpython","0000-00-00 00:00:00","cross"
791,"imagemagick","0000-00-00 00:00:00","weave"
792,"hex","0000-00-00 00:00:00","brady-bunch"
793,"focus","0000-00-00 00:00:00","seigaiha"
794,"applescript","0000-00-00 00:00:00","microbial-mat"
795,"odbc","0000-00-00 00:00:00","weave"
796,"continuous-integration","0000-00-00 00:00:00","bricks"
797,"sencha-touch","0000-00-00 00:00:00","stars"
798,"maps","0000-00-00 00:00:00","japanese-cube"
799,"less","0000-00-00 00:00:00","arrows"
800,"pygame","0000-00-00 00:00:00","shippo"
801,"export","0000-00-00 00:00:00","diagonal-stripes"
802,"subquery","0000-00-00 00:00:00","seigaiha"
803,"json.net","0000-00-00 00:00:00","bricks"
804,"debian","0000-00-00 00:00:00","upholstery"
805,"key","0000-00-00 00:00:00","diagonal-stripes"
806,"printf","0000-00-00 00:00:00","steps"
807,"append","0000-00-00 00:00:00","arrows"
808,"c++-cli","0000-00-00 00:00:00","argyle"
809,"install","0000-00-00 00:00:00","waves"
810,"nsarray","0000-00-00 00:00:00","stars"
811,"devexpress","0000-00-00 00:00:00","microbial-mat"
812,"titanium","0000-00-00 00:00:00","seigaiha"
813,"package","0000-00-00 00:00:00","blueprint"
814,"salesforce","0000-00-00 00:00:00","cicada-stripes"
815,"swt","0000-00-00 00:00:00","diagonal-stripes"
816,"scheme","0000-00-00 00:00:00","diagonal-stripes"
817,"label","0000-00-00 00:00:00","japanese-cube"
818,"laravel-5","0000-00-00 00:00:00","madras"
819,"mapping","0000-00-00 00:00:00","stars"
820,"height","0000-00-00 00:00:00","waves"
821,"streaming","0000-00-00 00:00:00","half-rombes"
822,"raspberry-pi","0000-00-00 00:00:00","upholstery"
823,"jms","0000-00-00 00:00:00","tablecloth"
824,"themes","0000-00-00 00:00:00","vertical-stripes"
825,"client","0000-00-00 00:00:00","madras"
826,"uitabbarcontroller","0000-00-00 00:00:00","blueprint"
827,"internet-explorer-9","0000-00-00 00:00:00","upholstery"
828,"registry","0000-00-00 00:00:00","blueprint"
829,"web-crawler","0000-00-00 00:00:00","tablecloth"
830,"many-to-many","0000-00-00 00:00:00","microbial-mat"
831,"google-visualization","0000-00-00 00:00:00","tartan"
832,"type-conversion","0000-00-00 00:00:00","tartan"
833,"awt","0000-00-00 00:00:00","tartan"
834,"eloquent","0000-00-00 00:00:00","vertical-stripes"
835,"jetty","0000-00-00 00:00:00","blueprint"
836,"sbt","0000-00-00 00:00:00","stars"
837,"double","0000-00-00 00:00:00","half-rombes"
838,"jasmine","0000-00-00 00:00:00","microbial-mat"
839,"malloc","0000-00-00 00:00:00","polka-dots"
840,"localhost","0000-00-00 00:00:00","seigaiha"
841,"wso2","0000-00-00 00:00:00","polka-dots"
842,"runtime","0000-00-00 00:00:00","steps"
843,"size","0000-00-00 00:00:00","arrows"
844,"ssrs-2008","0000-00-00 00:00:00","arrows"
845,"xcode5","0000-00-00 00:00:00","tablecloth"
846,"client-server","0000-00-00 00:00:00","horizontal-stripes"
847,"base64","0000-00-00 00:00:00","tartan"
848,"uilabel","0000-00-00 00:00:00","polka-dots"
849,"video-streaming","0000-00-00 00:00:00","cicada-stripes"
850,"internet-explorer-7","0000-00-00 00:00:00","weave"
851,"liferay","0000-00-00 00:00:00","weave"
852,"tdd","0000-00-00 00:00:00","zigzag"
853,"xmpp","0000-00-00 00:00:00","zigzag"
854,"delete","0000-00-00 00:00:00","horizontal-stripes"
855,"drawing","0000-00-00 00:00:00","tartan"
856,"computer-vision","0000-00-00 00:00:00","arrows"
857,"httpwebrequest","0000-00-00 00:00:00","waves"
858,"http-post","0000-00-00 00:00:00","brady-bunch"
859,"operator-overloading","0000-00-00 00:00:00","steps"
860,"pattern-matching","0000-00-00 00:00:00","arrows"
861,"reactjs","0000-00-00 00:00:00","cicada-stripes"
862,"sinatra","0000-00-00 00:00:00","polka-dots"
863,"server","0000-00-00 00:00:00","cross"
864,"cross-domain","0000-00-00 00:00:00","microbial-mat"
865,"pdf-generation","0000-00-00 00:00:00","arrows"
866,"latex","0000-00-00 00:00:00","blueprint"
867,"jstl","0000-00-00 00:00:00","steps"
868,"global-variables","0000-00-00 00:00:00","upholstery"
869,"interop","0000-00-00 00:00:00","stars"
870,"report","0000-00-00 00:00:00","waves"
871,"admob","0000-00-00 00:00:00","waves"
872,"pipe","0000-00-00 00:00:00","bricks"
873,"rewrite","0000-00-00 00:00:00","seigaiha"
874,"logic","0000-00-00 00:00:00","half-rombes"
875,"tomcat7","0000-00-00 00:00:00","diagonal-stripes"
876,"javafx-2","0000-00-00 00:00:00","madras"
877,"fragment","0000-00-00 00:00:00","upholstery"
878,"nlp","0000-00-00 00:00:00","polka-dots"
879,"scrapy","0000-00-00 00:00:00","cicada-stripes"
880,"syntax-error","0000-00-00 00:00:00","blueprint"
881,"linq-to-xml","0000-00-00 00:00:00","bricks"
882,"comments","0000-00-00 00:00:00","brady-bunch"
883,"width","0000-00-00 00:00:00","weave"
884,"progress-bar","0000-00-00 00:00:00","tablecloth"
885,"spring-boot","0000-00-00 00:00:00","bricks"
886,"textarea","0000-00-00 00:00:00","diagonal-stripes"
887,"authorization","0000-00-00 00:00:00","japanese-cube"
888,"editor","0000-00-00 00:00:00","brady-bunch"
889,"asp.net-ajax","0000-00-00 00:00:00","seigaiha"
890,"directx","0000-00-00 00:00:00","microbial-mat"
891,"lisp","0000-00-00 00:00:00","arrows"
892,"wordpress-theming","0000-00-00 00:00:00","polka-dots"
893,"cucumber","0000-00-00 00:00:00","steps"
894,"memcached","0000-00-00 00:00:00","blueprint"
895,"symfony1","0000-00-00 00:00:00","waves"
896,"operators","0000-00-00 00:00:00","shippo"
897,"range","0000-00-00 00:00:00","tablecloth"
898,"bit-manipulation","0000-00-00 00:00:00","waves"
899,"apple-push-notifications","0000-00-00 00:00:00","blueprint"
900,"async-await","0000-00-00 00:00:00","vertical-stripes"
901,"expression","0000-00-00 00:00:00","waves"
902,"tooltip","0000-00-00 00:00:00","upholstery"
903,"flex4","0000-00-00 00:00:00","vertical-stripes"
904,"twig","0000-00-00 00:00:00","weave"
905,"xml-serialization","0000-00-00 00:00:00","weave"
906,"associations","0000-00-00 00:00:00","madras"
907,"closures","0000-00-00 00:00:00","waves"
908,"ember-data","0000-00-00 00:00:00","polka-dots"
909,"jmeter","0000-00-00 00:00:00","waves"
910,"html-parsing","0000-00-00 00:00:00","bricks"
911,"uml","0000-00-00 00:00:00","cicada-stripes"
912,"mkmapview","0000-00-00 00:00:00","japanese-cube"
913,"monodroid","0000-00-00 00:00:00","microbial-mat"
914,"websphere","0000-00-00 00:00:00","stars"
915,"out-of-memory","0000-00-00 00:00:00","vertical-stripes"
916,"android-webview","0000-00-00 00:00:00","weave"
917,"osgi","0000-00-00 00:00:00","arrows"
918,"sencha-touch-2","0000-00-00 00:00:00","vertical-stripes"
919,"angularjs-ng-repeat","0000-00-00 00:00:00","polka-dots"
920,"preg-replace","0000-00-00 00:00:00","polka-dots"
921,"2d","0000-00-00 00:00:00","seigaiha"
922,"mongoid","0000-00-00 00:00:00","zigzag"
923,"apache-camel","0000-00-00 00:00:00","shippo"
924,"microsoft-metro","0000-00-00 00:00:00","argyle"
925,"ms-access-2007","0000-00-00 00:00:00","bricks"
926,"dynamics-crm-2011","0000-00-00 00:00:00","stars"
927,"java-8","0000-00-00 00:00:00","japanese-cube"
928,"database-connection","0000-00-00 00:00:00","horizontal-stripes"
929,"adobe","0000-00-00 00:00:00","argyle"
930,"apple","0000-00-00 00:00:00","weave"
931,"cloud","0000-00-00 00:00:00","microbial-mat"
932,"nunit","0000-00-00 00:00:00","tartan"
933,"iteration","0000-00-00 00:00:00","tablecloth"
934,"multiprocessing","0000-00-00 00:00:00","half-rombes"
935,"kendo-grid","0000-00-00 00:00:00","polka-dots"
936,"tortoisesvn","0000-00-00 00:00:00","seigaiha"
937,"html-lists","0000-00-00 00:00:00","blueprint"
938,"facebook-javascript-sdk","0000-00-00 00:00:00","weave"
939,"png","0000-00-00 00:00:00","blueprint"
940,"entity-framework-5","0000-00-00 00:00:00","argyle"
941,"entity","0000-00-00 00:00:00","polka-dots"
942,"media-queries","0000-00-00 00:00:00","vertical-stripes"
943,"cgi","0000-00-00 00:00:00","tartan"
944,"runtime-error","0000-00-00 00:00:00","stars"
945,"profiling","0000-00-00 00:00:00","arrows"
946,"vagrant","0000-00-00 00:00:00","seigaiha"
947,"subprocess","0000-00-00 00:00:00","horizontal-stripes"
948,"character","0000-00-00 00:00:00","vertical-stripes"
949,"html5-video","0000-00-00 00:00:00","cicada-stripes"
950,"rabbitmq","0000-00-00 00:00:00","horizontal-stripes"
951,"open-source","0000-00-00 00:00:00","japanese-cube"
952,"views","0000-00-00 00:00:00","polka-dots"
953,"ionic-framework","0000-00-00 00:00:00","weave"
954,"couchdb","0000-00-00 00:00:00","tablecloth"
955,"shared-libraries","0000-00-00 00:00:00","cicada-stripes"
956,"weblogic","0000-00-00 00:00:00","stars"
957,"signalr","0000-00-00 00:00:00","vertical-stripes"
958,"substring","0000-00-00 00:00:00","shippo"
959,"drupal-6","0000-00-00 00:00:00","seigaiha"
960,"submit","0000-00-00 00:00:00","tablecloth"
961,"ms-access-2010","0000-00-00 00:00:00","waves"
962,"pivot","0000-00-00 00:00:00","tartan"
963,"tcl","0000-00-00 00:00:00","vertical-stripes"
964,"textures","0000-00-00 00:00:00","japanese-cube"
965,"structure","0000-00-00 00:00:00","arrows"
966,"programming-languages","0000-00-00 00:00:00","weave"
967,"environment-variables","0000-00-00 00:00:00","waves"
968,"phantomjs","0000-00-00 00:00:00","argyle"
969,"try-catch","0000-00-00 00:00:00","horizontal-stripes"
970,"angular-ui-router","0000-00-00 00:00:00","brady-bunch"
971,"underscore.js","0000-00-00 00:00:00","horizontal-stripes"
972,"uitextview","0000-00-00 00:00:00","blueprint"
973,"ios-simulator","0000-00-00 00:00:00","zigzag"
974,"output","0000-00-00 00:00:00","shippo"
975,"field","0000-00-00 00:00:00","tablecloth"
976,"preg-match","0000-00-00 00:00:00","polka-dots"
977,"schema","0000-00-00 00:00:00","half-rombes"
978,"fullcalendar","0000-00-00 00:00:00","weave"
979,"glsl","0000-00-00 00:00:00","cicada-stripes"
980,"iis-7.5","0000-00-00 00:00:00","polka-dots"
981,"mule","0000-00-00 00:00:00","japanese-cube"
982,"byte","0000-00-00 00:00:00","shippo"
983,"apache-poi","0000-00-00 00:00:00","diagonal-stripes"
984,"task-parallel-library","0000-00-00 00:00:00","waves"
985,"google-plus","0000-00-00 00:00:00","japanese-cube"
986,"cors","0000-00-00 00:00:00","weave"
987,"jax-rs","0000-00-00 00:00:00","japanese-cube"
988,"scrollbar","0000-00-00 00:00:00","arrows"
989,"uinavigationbar","0000-00-00 00:00:00","tartan"
990,"itextsharp","0000-00-00 00:00:00","seigaiha"
991,"mingw","0000-00-00 00:00:00","waves"
992,"richfaces","0000-00-00 00:00:00","vertical-stripes"
993,"signals","0000-00-00 00:00:00","tartan"
994,"decimal","0000-00-00 00:00:00","tablecloth"
995,"android-gcm","0000-00-00 00:00:00","horizontal-stripes"
996,"domain-driven-design","0000-00-00 00:00:00","seigaiha"
997,"android-service","0000-00-00 00:00:00","horizontal-stripes"
998,"core-graphics","0000-00-00 00:00:00","brady-bunch"
999,"cxf","0000-00-00 00:00:00","upholstery"
1000,"android-camera","0000-00-00 00:00:00","cicada-stripes"
